Review,Liked,locationid,orderid
Wow... Loved this place.,1,6,1
Crust is not good.,0,7,2
Not tasty and the texture was just nasty.,0,8,3
Stopped by during the late May bank holiday off Rick Steve recommendation and loved it.,1,9,4
The selection on the menu was great and so were the prices.,1,6,5
Now I am getting angry and I want my damn pho.,0,12,6
Honeslty it didn't taste THAT fresh.),0,11,7
The potatoes were like rubber and you could tell they had been made up ahead of time being kept under a warmer.,0,1,8
The fries were great too.,1,8,9
A great touch.,1,1,10
Service was very prompt.,1,7,11
Would not go back.,0,8,12
The cashier had no care what so ever on what I had to say it still ended up being wayyy overpriced.,0,11,13
"I tried the Cape Cod ravoli, chicken, with cranberry...mmmm!",1,6,14
I was disgusted because I was pretty sure that was human hair.,0,3,15
I was shocked because no signs indicate cash only.,0,12,16
Highly recommended.,1,12,17
Waitress was a little slow in service.,0,10,18
"This place is not worth your time, let alone Vegas.",0,11,19
did not like at all.,0,12,20
The Burrittos Blah!,0,5,21
"The food, amazing.",1,4,22
Service is also cute.,1,6,23
I could care less... The interior is just beautiful.,1,11,24
So they performed.,1,7,25
That's right....the red velvet cake.....ohhh this stuff is so good.,1,5,26
"This hole in the wall has great Mexican street tacos, and friendly staff.",1,2,27
"Took an hour to get our food only 4 tables in restaurant my food was Luke warm, Our sever was running around like he was totally overwhelmed.",0,6,28
The worst was the salmon sashimi.,0,7,29
"Also there are combos like a burger, fries, and beer for 23 which is a decent deal.",1,9,30
This was like the final blow!,0,11,31
I found this place by accident and I could not be happier.,1,4,32
"seems like a good quick place to grab a bite of some familiar pub food, but do yourself a favor and look elsewhere.",0,9,33
"Overall, I like this place a lot.",1,4,34
The only redeeming quality of the restaurant was that it was very inexpensive.,1,4,35
Ample portions and good prices.,1,2,36
"Poor service, the waiter made me feel like I was stupid every time he came to the table.",0,2,37
My first visit to Hiro was a delight!,1,10,38
Service sucks.,0,11,39
The shrimp tender and moist.,1,9,40
There is not a deal good enough that would drag me into that establishment again.,0,11,41
Hard to judge whether these sides were good because we were grossed out by the melted styrofoam and didn't want to eat it for fear of getting sick.,0,4,42
"On a positive note, our server was very attentive and provided great service.",1,5,43
"Frozen pucks of disgust, with some of the worst people behind the register.",0,4,44
The only thing I did like was the prime rib and dessert section.,1,3,45
It's too bad the food is so damn generic.,0,3,46
"The burger is good beef, cooked just right.",1,7,47
If you want a sandwich just go to any Firehouse!!!!!,1,0,48
"My side Greek salad with the Greek dressing was so tasty, and the pita and hummus was very refreshing.",1,10,49
We ordered the duck rare and it was pink and tender on the inside with a nice char on the outside.,1,4,50
He came running after us when he realized my husband had left his sunglasses on the table.,1,8,51
Their chow mein is so good!,1,5,52
"They have horrible attitudes towards customers, and talk down to each one when customers don't enjoy their food.",0,0,53
The portion was huge!,1,0,54
"Loved it...friendly servers, great food, wonderful and imaginative menu.",1,4,55
The Heart Attack Grill in downtown Vegas is an absolutely flat-lined excuse for a restaurant.,0,1,56
Not much seafood and like 5 strings of pasta at the bottom.,0,9,57
"The salad had just the right amount of sauce to not over power the scallop, which was perfectly cooked.",1,9,58
"The ripped banana was not only ripped, but petrified and tasteless.",0,3,59
At least think to refill my water before I struggle to wave you over for 10 minutes.,0,11,60
This place receives stars for their APPETIZERS!!!,1,3,61
The cocktails are all handmade and delicious.,1,6,62
We'd definitely go back here again.,1,3,63
We are so glad we found this place.,1,8,64
"Great food and service, huge portions and they give a military discount.",1,3,65
Always a great time at Dos Gringos!,1,0,66
Update.....went back for a second time and it was still just as amazing,1,3,67
We got the food and apparently they have never heard of salt and the batter on the fish was chewy.,0,8,68
A great way to finish a great.,1,11,69
"The deal included 5 tastings and 2 drinks, and Jeff went above and beyond what we expected.",1,0,70
The service was meh.,0,11,71
"It took over 30 min to get their milkshake, which was nothing more than chocolate milk.",0,5,72
"I guess I should have known that this place would suck, because it is inside of the Excalibur, but I didn't use my common sense.",0,10,73
The scallop dish is quite appalling for value as well.,0,5,74
2 times - Very Bad Customer Service !,0,7,75
The sweet potato fries were very good and seasoned well.,1,3,76
Today is the second time I've been to their lunch buffet and it was pretty good.,1,7,77
There is so much good food in Vegas that I feel cheated for wasting an eating opportunity by going to Rice and Company.,0,6,78
Coming here is like experiencing an underwhelming relationship where both parties can't wait for the other person to ask to break up.,0,0,79
walked in and the place smelled like an old grease trap and only 2 others there eating.,0,12,80
The turkey and roast beef were bland.,0,11,81
This place has it!,1,8,82
The pan cakes everyone are raving about taste like a sugary disaster tailored to the palate of a six year old.,0,0,83
I love the Pho and the spring rolls oh so yummy you have to try.,1,0,84
The poor batter to meat ratio made the chicken tenders very unsatisfying.,0,12,85
All I have to say is the food was amazing!!!,1,12,86
Omelets are to die for!,1,3,87
Everything was fresh and delicious!,1,4,88
"In summary, this was a largely disappointing dining experience.",0,11,89
"It's like a really sexy party in your mouth, where you're outrageously flirting with the hottest person at the party.",1,1,90
"Never been to Hard Rock Casino before, WILL NEVER EVER STEP FORWARD IN IT AGAIN!",0,5,91
Best breakfast buffet!!!,1,7,92
say bye bye to your tip lady!,0,8,93
We'll never go again.,0,12,94
Will be back again!,1,6,95
Food arrived quickly!,1,11,96
It was not good.,0,2,97
"On the up side, their cafe serves really good food.",1,0,98
"Our server was fantastic and when he found out the wife loves roasted garlic and bone marrow, he added extra to our meal and another marrow to go!",1,1,99
"The only good thing was our waiter, he was very helpful and kept the bloddy mary's coming.",1,0,100
"Best Buffet in town, for the price you cannot beat it.",1,3,101
"I LOVED their mussels cooked in this wine reduction, the duck was tender, and their potato dishes were delicious.",1,3,102
This is one of the better buffets that I have been to.,1,1,103
So we went to Tigerlilly and had a fantastic afternoon!,1,6,104
"The food was delicious, our bartender was attentive and personable AND we got a great deal!",1,3,105
The ambience is wonderful and there is music playing.,1,4,106
Will go back next trip out.,1,4,107
Sooooo good!!,1,0,108
"REAL sushi lovers, let's be honest - Yama is not that good.",0,2,109
"At least 40min passed in between us ordering and the food arriving, and it wasn't that busy.",0,4,110
This is a really fantastic Thai restaurant which is definitely worth a visit.,1,11,111
"Nice, spicy and tender.",1,0,112
Good prices.,1,1,113
Check it out.,1,12,114
It was pretty gross!,0,2,115
I've had better atmosphere.,0,8,116
Kind of hard to mess up a steak but they did.,0,0,117
"Although I very much liked the look and sound of this place, the actual experience was a bit disappointing.",0,0,118
I just don't know how this place managed to served the blandest food I have ever eaten when they are preparing Indian cuisine.,0,0,119
"Worst service to boot, but that is the least of their worries.",0,5,120
Service was fine and the waitress was friendly.,1,0,121
"The guys all had steaks, and our steak loving son who has had steak at the best and worst places said it was the best steak he's ever eaten.",1,2,122
"We thought you'd have to venture further away to get good sushi, but this place really hit the spot that night.",1,10,123
"Host staff were, for lack of a better word, BITCHES!",0,0,124
Bland... Not a liking this place for a number of reasons and I don't want to waste time on bad reviewing.. I'll leave it at that...,0,1,125
"Phenomenal food, service and ambiance.",1,6,126
I wouldn't return.,0,11,127
"Definitely worth venturing off the strip for the pork belly, will return next time I'm in Vegas.",1,8,128
This place is way too overpriced for mediocre food.,0,2,129
Penne vodka excellent!,1,3,130
"They have a good selection of food including a massive meatloaf sandwich, a crispy chicken wrap, a delish tuna melt and some tasty burgers.",1,6,131
The management is rude.,0,7,132
"Delicious NYC bagels, good selections of cream cheese, real Lox with capers even.",1,8,133
"Great Subway, in fact it's so good when you come here every other Subway will not meet your expectations.",1,3,134
I had a seriously solid breakfast here.,1,9,135
This is one of the best bars with food in Vegas.,1,11,136
"He was extremely rude and really, there are so many other restaurants I would love to dine at during a weekend in Vegas.",0,11,137
My drink was never empty and he made some really great menu suggestions.,1,0,138
Don't do it!!!!,0,4,139
The waiter wasn't helpful or friendly and rarely checked on us.,0,7,140
My husband and I ate lunch here and were very disappointed with the food and service.,0,6,141
And the red curry had so much bamboo shoots and wasn't very tasty to me.,0,2,142
Nice blanket of moz over top but i feel like this was done to cover up the subpar food.,1,12,143
The bathrooms are clean and the place itself is well decorated.,1,7,144
"The menu is always changing, food quality is going down & service is extremely slow.",0,9,145
"The service was a little slow , considering that were served by 3 people servers so the food was coming in a slow pace.",0,5,146
I give it 2 thumbs down,0,3,147
We watched our waiter pay a lot more attention to other tables and ignore us.,0,11,148
My fiancé and I came in the middle of the day and we were greeted and seated right away.,1,6,149
This is a great restaurant at the Mandalay Bay.,1,11,150
We waited for forty five minutes in vain.,0,0,151
Crostini that came with the salad was stale.,0,12,152
Some highlights : Great quality nigiri here!,1,6,153
the staff is friendly and the joint is always clean.,1,3,154
this was a different cut than the piece the other day but still wonderful and tender s well as well flavored.,1,7,155
I ordered the Voodoo pasta and it was the first time I'd had really excellent pasta since going gluten free several years ago.,1,0,156
this place is good.,1,11,157
"Unfortunately, we must have hit the bakery on leftover day because everything we ordered was STALE.",0,6,158
I came back today since they relocated and still not impressed.,0,9,159
I was seated immediately.,1,12,160
"Their menu is diverse, and reasonably priced.",1,11,161
Avoid at all cost!,0,2,162
Restaurant is always full but never a wait.,1,7,163
DELICIOUS!!,1,10,164
This place is hands-down one of the best places to eat in the Phoenix metro area.,1,11,165
So don't go there if you are looking for good food...,0,4,166
I've never been treated so bad.,0,1,167
Bacon is hella salty.,1,12,168
"We also ordered the spinach and avocado salad, the ingredients were sad and the dressing literally had zero taste.",0,4,169
"This really is how Vegas fine dining used to be, right down to the menus handed to the ladies that have no prices listed.",1,0,170
The waitresses are very friendly.,1,12,171
"Lordy, the Khao Soi is a dish that is not to be missed for curry lovers!",1,0,172
Everything on the menu is terrific and we were also thrilled that they made amazing accommodations for our vegetarian daughter.,1,1,173
"Perhaps I caught them on an off night judging by the other reviews, but I'm not inspired to go back.",0,4,174
The service here leaves a lot to be desired.,0,6,175
"The atmosphere is modern and hip, while maintaining a touch of coziness.",1,11,176
"Not a weekly haunt, but definitely a place to come back to every once in a while.",1,8,177
We literally sat there for 20 minutes with no one asking to take our order.,0,3,178
"The burger had absolutely no flavor - the meat itself was totally bland, the burger was overcooked and there was no charcoal flavor.",0,12,179
I also decided not to send it back because our waitress looked like she was on the verge of having a heart attack.,0,6,180
I dressed up to be treated so rudely!,0,0,181
It was probably dirt.,0,8,182
"Love this place, hits the spot when I want something healthy but not lacking in quantity or flavor.",1,0,183
I ordered the Lemon raspberry ice cocktail which was also incredible.,1,5,184
"The food sucked, which we expected but it sucked more than we could have imagined.",0,12,185
Interesting decor.,1,5,186
What I really like there is the crepe station.,1,10,187
"Also were served hot bread and butter, and home made potato chips with bacon bits on top....very original and very good.",1,5,188
you can watch them preparing the delicious food!),1,8,189
Both of the egg rolls were fantastic.,1,0,190
"When my order arrived, one of the gyros was missing.",0,2,191
"I had a salad with the wings, and some ice cream for dessert and left feeling quite satisfied.",1,12,192
I'm not really sure how Joey's was voted best hot dog in the Valley by readers of Phoenix Magazine.,0,10,193
The best place to go for a tasty bowl of Pho!,1,10,194
The live music on Fridays totally blows.,0,0,195
I've never been more insulted or felt disrespected.,0,3,196
Very friendly staff.,1,4,197
It is worth the drive.,1,2,198
"I had heard good things about this place, but it exceeding every hope I could have dreamed of.",1,12,199
Food was great and so was the serivce!,1,1,200
The warm beer didn't help.,0,0,201
Great brunch spot.,1,0,202
Service is friendly and inviting.,1,5,203
Very good lunch spot.,1,3,204
I've lived here since 1979 and this was the first (and last) time I've stepped foot into this place.,0,5,205
The WORST EXPERIENCE EVER.,0,5,206
Must have been an off night at this place.,0,11,207
"The sides are delish - mixed mushrooms, yukon gold puree, white corn - beateous.",1,1,208
"If that bug never showed up I would have given a 4 for sure, but on the other side of the wall where this bug was climbing was the kitchen.",0,11,209
"For about 10 minutes, we we're waiting for her salad when we realized that it wasn't coming any time soon.",0,10,210
My friend loved the salmon tartar.,1,11,211
Won't go back.,0,1,212
Extremely Tasty!,1,10,213
Waitress was good though!,1,4,214
Soggy and not good.,0,4,215
The Jamaican mojitos are delicious.,1,4,216
Which are small and not worth the price.,0,4,217
"The shower area is outside so you can only rinse, not take a full shower, unless you don't mind being nude for everyone to see!",0,3,218
The service was a bit lacking.,0,6,219
"Lobster Bisque, Bussell Sprouts, Risotto, Filet ALL needed salt and pepper..and of course there is none at the tables.",0,5,220
Hopefully this bodes for them going out of business and someone who can cook can come in.,0,10,221
"It was either too cold, not enough flavor or just bad.",0,2,222
I loved the bacon wrapped dates.,1,5,223
This is an unbelievable BARGAIN!,1,12,224
The folks at Otto always make us feel so welcome and special.,1,2,225
"As for the ""mains,"" also uninspired.",0,1,226
This is the place where I first had pho and it was amazing!!,1,1,227
This wonderful experience made this place a must-stop whenever we are in town again.,1,10,228
"If the food isn't bad enough for you, then enjoy dealing with the world's worst/annoying drunk people.",0,12,229
Very very fun chef.,1,7,230
"Ordered a double cheeseburger & got a single patty that was falling apart (picture uploaded) Yeah, still sucks.",0,2,231
Great place to have a couple drinks and watch any and all sporting events as the walls are covered with TV's.,1,0,232
"If it were possible to give them zero stars, they'd have it.",0,6,233
"The descriptions said ""yum yum sauce"" and another said ""eel sauce"", yet another said ""spicy mayo""...well NONE of the rolls had sauces on them.",0,7,234
"I'd say that would be the hardest decision... Honestly, all of M's dishes taste how they are supposed to taste (amazing).",1,9,235
If she had not rolled the eyes we may have stayed... Not sure if we will go back and try it again.,0,6,236
"Everyone is very attentive, providing excellent customer service.",1,3,237
Horrible - don't waste your time and money.,0,7,238
Now this dish was quite flavourful.,1,6,239
By this time our side of the restaurant was almost empty so there was no excuse.,0,9,240
"(It wasn't busy either) Also, the building was FREEZING cold.",0,3,241
"like the other reviewer said ""you couldn't pay me to eat at this place again.""",0,3,242
-Drinks took close to 30 minutes to come out at one point.,0,2,243
"Seriously flavorful delights, folks.",1,6,244
Much better than the other AYCE sushi place I went to in Vegas.,1,7,245
The lighting is just dark enough to set the mood.,1,0,246
Based on the sub-par service I received and no effort to show their gratitude for my business I won't be going back.,0,8,247
Owner's are really great people.!,1,10,248
There is nothing privileged about working/eating there.,0,3,249
The Greek dressing was very creamy and flavorful.,1,12,250
"Overall, I don't think that I would take my parents to this place again because they made most of the similar complaints that I silently felt too.",0,6,251
Now the pizza itself was good the peanut sauce was very tasty.,1,8,252
We had 7 at our table and the service was pretty fast.,1,6,253
Fantastic service here.,1,4,254
I as well would've given godfathers zero stars if possible.,0,5,255
They know how to make them here.,1,12,256
very tough and very short on flavor!,0,3,257
I hope this place sticks around.,1,9,258
"I have been in more than a few bars in Vegas, and do not ever recall being charged for tap water.",0,3,259
The restaurant atmosphere was exquisite.,1,6,260
"Good service, very clean, and inexpensive, to boot!",1,1,261
The seafood was fresh and generous in portion.,1,8,262
"Plus, it's only 8 bucks.",1,7,263
"The service was not up to par, either.",0,9,264
"Thus far, have only visited twice and the food was absolutely delicious each time.",1,5,265
Just as good as when I had it more than a year ago!,1,6,266
"For a self proclaimed coffee cafe, I was wildly disappointed.",0,12,267
The Veggitarian platter is out of this world!,1,6,268
You cant go wrong with any of the food here.,1,3,269
You can't beat that.,1,6,270
"Stopped by this place while in Madison for the Ironman, very friendly, kind staff.",1,8,271
The chefs were friendly and did a good job.,1,5,272
"I've had better, not only from dedicated boba tea spots, but even from Jenni Pho.",0,7,273
I liked the patio and the service was outstanding.,1,2,274
The goat taco didn't skimp on the meat and wow what FLAVOR!,1,0,275
I think not again,0,9,276
I had the mac salad and it was pretty bland so I will not be getting that again.,0,11,277
I went to Bachi Burger on a friend's recommendation and was not disappointed.,1,9,278
Service stinks here!,0,8,279
I waited and waited.,0,7,280
"This place is not quality sushi, it is not a quality restaurant.",0,12,281
I would definitely recommend the wings as well as the pizza.,1,9,282
Great Pizza and Salads!,1,3,283
Things that went wrong: - They burned the saganaki.,0,9,284
We waited an hour for what was a breakfast I could have done 100 times better at home.,0,6,285
This place is amazing!,1,10,286
"I hate to disagree with my fellow Yelpers, but my husband and I were so disappointed with this place.",0,11,287
Waited 2 hours & never got either of our pizzas as many other around us who came in later did!,0,2,288
Just don't know why they were so slow.,0,9,289
"The staff is great, the food is delish, and they have an incredible beer selection.",1,12,290
"I live in the neighborhood so I am disappointed I won't be back here, because it is a convenient location.",0,0,291
I didn't know pulled pork could be soooo delicious.,1,0,292
"You get incredibly fresh fish, prepared with care.",1,11,293
Before I go in to why I gave a 1 star rating please know that this was my third time eating at Bachi burger before writing a review.,0,4,294
I love the fact that everything on their menu is worth it.,1,10,295
Never again will I be dining at this place!,0,7,296
The food was excellent and service was very good.,1,2,297
Good beer & drink selection and good food selection.,1,11,298
Please stay away from the shrimp stir fried noodles.,0,10,299
The potato chip order was sad... I could probably count how many chips were in that box and it was probably around 12.,0,12,300
Food was really boring.,0,1,301
Good Service-check!,1,10,302
This greedy corporation will NEVER see another dime from me!,0,10,303
"Will never, ever go back.",0,1,304
"As much as I'd like to go back, I can't get passed the atrocious service and will never return.",0,0,305
"In the summer, you can dine in a charming outdoor patio - so very delightful.",1,5,306
I did not expect this to be so good!,1,1,307
Fantastic food!,1,9,308
She ordered a toasted English muffin that came out untoasted.,0,2,309
The food was very good.,1,11,310
Never going back.,0,4,311
"Great food for the price, which is very high quality and house made.",1,1,312
The bus boy on the other hand was so rude.,0,7,313
"By this point, my friends and I had basically figured out this place was a joke and didn't mind making it publicly and loudly known.",0,12,314
"Back to good BBQ, lighter fare, reasonable pricing and tell the public they are back to the old ways.",1,5,315
"And considering the two of us left there very full and happy for about $20, you just can't go wrong.",1,6,316
All the bread is made in-house!,1,9,317
The only downside is the service.,0,11,318
"Also, the fries are without a doubt the worst fries I've ever had.",0,4,319
Service was exceptional and food was a good as all the reviews.,1,11,320
"A couple of months later, I returned and had an amazing meal.",1,4,321
Favorite place in town for shawarrrrrrma!!!!!!,1,5,322
The black eyed peas and sweet potatoes... UNREAL!,1,5,323
You won't be disappointed.,1,7,324
"They could serve it with just the vinaigrette and it may make for a better overall dish, but it was still very good.",1,2,325
"I go to far too many places and I've never seen any restaurant that serves a 1 egg breakfast, especially for $4.00.",0,5,326
When my mom and I got home she immediately got sick and she only had a few bites of salad.,0,8,327
The servers are not pleasant to deal with and they don't always honor Pizza Hut coupons.,0,0,328
"Both of them were truly unbelievably good, and I am so glad we went back.",1,7,329
"We had fantastic service, and were pleased by the atmosphere.",1,9,330
Everything was gross.,0,5,331
I love this place.,1,12,332
Great service and food.,1,5,333
First - the bathrooms at this location were dirty- Seat covers were not replenished & just plain yucky!!!,0,5,334
"The burger... I got the ""Gold Standard"" a $17 burger and was kind of disappointed.",0,12,335
"OMG, the food was delicioso!",1,12,336
There is nothing authentic about this place.,0,2,337
the spaghetti is nothing special whatsoever.,0,10,338
"Of all the dishes, the salmon was the best, but all were great.",1,7,339
The vegetables are so fresh and the sauce feels like authentic Thai.,1,5,340
It's worth driving up from Tucson!,1,7,341
The selection was probably the worst I've seen in Vegas.....there was none.,0,9,342
Pretty good beer selection too.,1,9,343
"This place is like Chipotle, but BETTER.",1,7,344
"Classy/warm atmosphere, fun and fresh appetizers, succulent steaks (Baseball steak!!!!!",1,0,345
5 stars for the brick oven bread app!,1,0,346
"I have eaten here multiple times, and each time the food was delicious.",1,4,347
We sat another ten minutes and finally gave up and left.,0,1,348
He was terrible!,0,3,349
Everyone is treated equally special.,1,3,350
It shouldn't take 30 min for pancakes and eggs.,0,8,351
It was delicious!!!,1,11,352
"On the good side, the staff was genuinely pleasant and enthusiastic - a real treat.",1,6,353
"Sadly, Gordon Ramsey's Steak is a place we shall sharply avoid during our next trip to Vegas.",0,0,354
As always the evening was wonderful and the food delicious!,1,12,355
Best fish I've ever had in my life!,1,1,356
(The bathroom is just next door and very nice.),1,6,357
The buffet is small and all the food they offered was BLAND.,0,4,358
This is an Outstanding little restaurant with some of the Best Food I have ever tasted.,1,0,359
Pretty cool I would say.,1,11,360
Definitely a turn off for me & i doubt I'll be back unless someone else is buying.,0,9,361
Server did a great job handling our large rowdy table.,1,12,362
"I find wasting food to be despicable, but this just wasn't food.",0,4,363
My wife had the Lobster Bisque soup which was lukewarm.,0,10,364
Would come back again if I had a sushi craving while in Vegas.,1,11,365
"The staff are great, the ambiance is great.",1,8,366
He deserves 5 stars.,1,12,367
I left with a stomach ache and felt sick the rest of the day.,0,3,368
They dropped more than the ball.,0,9,369
"The dining space is tiny, but elegantly decorated and comfortable.",1,6,370
"They will customize your order any way you'd like, my usual is Eggplant with Green Bean stir fry, love it!",1,10,371
And the beans and rice were mediocre at best.,0,10,372
Best tacos in town by far!!,1,6,373
I took back my money and got outta there.,0,10,374
"In an interesting part of town, this place is amazing.",1,1,375
RUDE & INCONSIDERATE MANAGEMENT.,0,10,376
"The staff are now not as friendly, the wait times for being served are horrible, no one even says hi for the first 10 minutes.",0,8,377
I won't be back.,0,5,378
They have great dinners.,1,11,379
The service was outshining & I definitely recommend the Halibut.,1,5,380
The food was terrible.,0,1,381
WILL NEVER EVER GO BACK AND HAVE TOLD MANY PEOPLE WHAT HAD HAPPENED.,0,12,382
I don't recommend unless your car breaks down in front of it and you are starving.,0,5,383
I will come back here every time I'm in Vegas.,1,8,384
This place deserves one star and 90% has to do with the food.,0,7,385
This is a disgrace.,0,12,386
Def coming back to bowl next time,1,7,387
"If you want healthy authentic or ethic food, try this place.",1,3,388
I will continue to come here on ladies night andddd date night ... highly recommend this place to anyone who is in the area.,1,5,389
"I have been here several times in the past, and the experience has always been great.",1,10,390
We walked away stuffed and happy about our first Vegas buffet experience.,1,11,391
Service was excellent and prices are pretty reasonable considering this is Vegas and located inside the Crystals shopping mall by Aria.,1,9,392
"To summarize... the food was incredible, nay, transcendant... but nothing brings me joy quite like the memory of the pneumatic condiment dispenser.",1,10,393
I'm probably one of the few people to ever go to Ians and not like it.,0,0,394
Kids pizza is always a hit too with lots of great side dish options for the kiddos!,1,6,395
Service is perfect and the family atmosphere is nice to see.,1,8,396
Cooked to perfection and the service was impeccable.,1,10,397
This one is simply a disappointment.,0,6,398
"Overall, I was very disappointed with the quality of food at Bouchon.",0,0,399
I don't have to be an accountant to know I'm getting screwed!,0,9,400
"Great place to eat, reminds me of the little mom and pop shops in the San Francisco Bay Area.",1,3,401
Today was my first taste of a Buldogis Gourmet Hot Dog and I have to tell you it was more than I ever thought possible.,1,2,402
Left very frustrated.,0,9,403
I'll definitely be in soon again.,1,6,404
Food was really good and I got full petty fast.,1,2,405
Service was fantastic.,1,3,406
TOTAL WASTE OF TIME.,0,5,407
I don't know what kind it is but they have the best iced tea.,1,3,408
"Come hungry, leave happy and stuffed!",1,6,409
"For service, I give them no stars.",0,3,410
I can assure you that you won't be disappointed.,1,4,411
I can take a little bad service but the food sucks.,0,3,412
Gave up trying to eat any of the crust (teeth still sore).,0,4,413
But now I was completely grossed out.,0,4,414
I really enjoyed eating here.,1,10,415
First time going but I think I will quickly become a regular.,1,8,416
"Our server was very nice, and even though he looked a little overwhelmed with all of our needs, he stayed professional and friendly until the end.",1,6,417
From what my dinner companions told me...everything was very fresh with nice texture and taste.,1,11,418
"On the ground, right next to our table was a large, smeared, been-stepped-in-and-tracked-everywhere pile of green bird poop.",0,8,419
"Furthermore, you can't even find hours of operation on the website!",0,1,420
We've tried to like this place but after 10+ times I think we're done with them.,0,12,421
What a mistake that was!,0,5,422
No complaints!,1,10,423
This is some seriously good pizza and I'm an expert/connisseur on the topic.,1,6,424
Waiter was a jerk.,0,10,425
"Strike 2, who wants to be rushed.",0,0,426
These are the nicest restaurant owners I've ever come across.,1,1,427
I never come again.,0,5,428
We loved the biscuits!!!,1,10,429
Service is quick and friendly.,1,7,430
Ordered an appetizer and took 40 minutes and then the pizza another 10 minutes.,0,9,431
So absolutley fantastic.,1,1,432
It was a huge awkward 1.5lb piece of cow that was 3/4ths gristle and fat.,0,11,433
definitely will come back here again.,1,6,434
I like Steiners because it's dark and it feels like a bar.,1,5,435
Wow very spicy but delicious.,1,12,436
"If you're not familiar, check it out.",1,0,437
I'll take my business dinner dollars elsewhere.,0,7,438
I'd love to go back.,1,7,439
"Anyway, this FS restaurant has a wonderful breakfast/lunch.",1,7,440
Nothing special.,0,10,441
Each day of the week they have a different deal and it's all so delicious!,1,7,442
"Not to mention the combination of pears, almonds and bacon is a big winner!",1,2,443
Will not be back.,0,3,444
Sauce was tasteless.,0,9,445
"The food is delicious and just spicy enough, so be sure to ask for spicier if you prefer it that way.",1,2,446
My ribeye steak was cooked perfectly and had great mesquite flavor.,1,6,447
I don't think we'll be going back anytime soon.,0,9,448
Food was so gooodd.,1,3,449
I am far from a sushi connoisseur but I can definitely tell the difference between good food and bad food and this was certainly bad food.,0,11,450
I was so insulted.,0,4,451
The last 3 times I had lunch here has been bad.,0,8,452
The chicken wings contained the driest chicken meat I have ever eaten.,0,4,453
"The food was very good and I enjoyed every mouthful, an enjoyable relaxed venue for couples small family groups etc.",1,6,454
Nargile - I think you are great.,1,0,455
Best tater tots in the southwest.,1,2,456
We loved the place.,1,6,457
Definitely not worth the $3 I paid.,0,3,458
The vanilla ice cream was creamy and smooth while the profiterole (choux) pastry was fresh enough.,1,1,459
Im in AZ all the time and now have my new spot.,1,3,460
The manager was the worst.,0,2,461
The inside is really quite nice and very clean.,1,12,462
The food was outstanding and the prices were very reasonable.,1,11,463
I don't think I'll be running back to Carly's anytime soon for food.,0,12,464
"This is was due to the fact that it took 20 minutes to be acknowledged, then another 35 minutes to get our food...and they kept forgetting things.",0,1,465
"Love the margaritas, too!",1,3,466
This was my first and only Vegas buffet and it did not disappoint.,1,2,467
"Very good, though!",1,1,468
The one down note is the ventilation could use some upgrading.,0,4,469
Great pork sandwich.,1,3,470
Don't waste your time here.,0,12,471
"Total letdown, I would much rather just go to the Camelback Flower Shop and Cartel Coffee.",0,12,472
"Third, the cheese on my friend's burger was cold.",0,5,473
We enjoy their pizza and brunch.,1,10,474
The steaks are all well trimmed and also perfectly cooked.,1,3,475
We had a group of 70+ when we claimed we would only have 40 and they handled us beautifully.,1,7,476
I LOVED it!,1,4,477
We asked for the bill to leave without eating and they didn't bring that either.,0,7,478
"This place is a jewel in Las Vegas, and exactly what I've been hoping to find in nearly ten years living here.",1,7,479
Seafood was limited to boiled shrimp and crab legs but the crab legs definitely did not taste fresh.,0,7,480
The selection of food was not the best.,0,7,481
Delicious and I will absolutely be back!,1,2,482
"This isn't a small family restaurant, this is a fine dining establishment.",1,9,483
They had a toro tartare with a cavier that was extraordinary and I liked the thinly sliced wagyu with white truffle.,1,2,484
I dont think I will be back for a very long time.,0,4,485
"It was attached to a gas station, and that is rarely a good sign.",0,10,486
How awesome is that.,1,8,487
I will be back many times soon.,1,9,488
The menu had so much good stuff on it i could not decide!,1,2,489
"Worse of all, he humiliated his worker right in front of me..Bunch of horrible name callings.",0,4,490
CONCLUSION: Very filling meals.,1,4,491
Their daily specials are always a hit with my group.,1,2,492
And then tragedy struck.,0,0,493
The pancake was also really good and pretty large at that.,1,11,494
"This was my first crawfish experience, and it was delicious!",1,11,495
Their monster chicken fried steak and eggs is my all time favorite.,1,3,496
Waitress was sweet and funny.,1,9,497
"I also had to taste my Mom's multi-grain pumpkin pancakes with pecan butter and they were amazing, fluffy, and delicious!",1,8,498
"I'd rather eat airline food, seriously.",0,11,499
Cant say enough good things about this place.,1,5,500
The ambiance was incredible.,1,6,501
The waitress and manager are so friendly.,1,12,502
I would not recommend this place.,0,0,503
Overall I wasn't very impressed with Noca.,0,7,504
My gyro was basically lettuce only.,0,0,505
Terrible service!,0,2,506
Thoroughly disappointed!,0,4,507
"I don't each much pasta, but I love the homemade /hand made pastas and thin pizzas here.",1,6,508
"Give it a try, you will be happy you did.",1,9,509
By far the BEST cheesecurds we have ever had!,1,6,510
Reasonably priced also!,1,5,511
Everything was perfect the night we were in.,1,2,512
The food is very good for your typical bar food.,1,1,513
it was a drive to get there.,0,0,514
"At first glance it is a lovely bakery cafe - nice ambiance, clean, friendly staff.",1,1,515
"Anyway, I do not think i will go back there.",0,0,516
"Point your finger at any item on the menu, order it and you won't be disappointed.",1,11,517
"Oh this is such a thing of beauty, this restaurant.",1,10,518
If you haven't gone here GO NOW!,1,10,519
"A greasy, unhealthy meal.",0,1,520
first time there and might just be the last.,0,12,521
Those burgers were amazing.,1,3,522
"Similarly, the delivery man did not say a word of apology when our food was 45 minutes late.",0,5,523
And it was way to expensive.,0,9,524
"Be sure to order dessert, even if you need to pack it to-go - the tiramisu and cannoli are both to die for.",1,5,525
This was my first time and I can't wait until the next.,1,0,526
The bartender was also nice.,1,0,527
Everything was good and tasty!,1,0,528
This place is two thumbs up....way up.,1,1,529
"The best place in Vegas for breakfast (just check out a Sat, or Sun.",1,3,530
"If you love authentic Mexican food and want a whole bunch of interesting, yet delicious meats to choose from, you need to try this place.",1,7,531
Terrible management.,0,9,532
An excellent new restaurant by an experienced Frenchman.,1,1,533
If there were zero stars I would give it zero stars.,0,9,534
"Great steak, great sides, great wine, amazing desserts.",1,5,535
Worst martini ever!,0,7,536
The steak and the shrimp are in my opinion the best entrees at GC.,1,11,537
I had the opportunity today to sample your amazing pizzas!,1,2,538
We waited for thirty minutes to be seated (although there were 8 vacant tables and we were the only folks waiting).,0,1,539
The yellowtail carpaccio was melt in your mouth fresh.,1,5,540
I won't try going back there even if it's empty.,0,2,541
"No, I'm going to eat the potato that I found some strangers hair in it.",0,10,542
Just spicy enough.. Perfect actually.,1,12,543
Last night was my second time dining here and I was so happy I decided to go back!,1,9,544
"not even a ""hello, we will be right with you.""",0,8,545
The desserts were a bit strange.,0,1,546
My boyfriend and I came here for the first time on a recent trip to Vegas and could not have been more pleased with the quality of food and service.,1,10,547
"I really do recommend this place, you can go wrong with this donut place!",1,7,548
Nice ambiance.,1,4,549
I would recommend saving room for this!,1,1,550
I guess maybe we went on an off night but it was disgraceful.,0,12,551
"However, my recent experience at this particular location was not so good.",0,10,552
"I know this is not like the other restaurants at all, something is very off here!",0,6,553
AVOID THIS ESTABLISHMENT!,0,4,554
I think this restaurant suffers from not trying hard enough.,0,2,555
All of the tapas dishes were delicious!,1,7,556
I *heart* this place.,1,11,557
My salad had a bland vinegrette on the baby greens and hearts of Palm.,0,12,558
After two I felt disgusting.,0,12,559
A good time!,1,6,560
I believe that this place is a great stop for those with a huge belly and hankering for sushi.,1,1,561
Generous portions and great taste.,1,0,562
I will never go back to this place and will never ever recommended this place to anyone!,0,1,563
"The servers went back and forth several times, not even so much as an ""Are you being helped?""",0,6,564
Food was delicious!,1,3,565
AN HOUR... seriously?,0,12,566
I consider this theft.,0,3,567
Eew... This location needs a complete overhaul.,0,0,568
We recently witnessed her poor quality of management towards other guests as well.,0,1,569
Waited and waited and waited.,0,9,570
"He also came back to check on us regularly, excellent service.",1,5,571
Our server was super nice and checked on us many times.,1,10,572
"The pizza tasted old, super chewy in not a good way.",0,5,573
I swung in to give them a try but was deeply disappointed.,0,11,574
Service was good and the company was better!,1,1,575
The staff are also very friendly and efficient.,1,8,576
"As for the service: I'm a fan, because it's quick and you're being served by some nice folks.",1,2,577
Boy was that sucker dry!!.,0,12,578
Over rated.,0,5,579
"If you look for authentic Thai food, go else where.",0,10,580
Their steaks are 100% recommended!,1,9,581
After I pulled up my car I waited for another 15 minutes before being acknowledged.,0,3,582
Great food and great service in a clean and friendly setting.,1,3,583
"All in all, I can assure you I'll be back.",1,11,584
I hate those things as much as cheap quality black olives.,0,8,585
"My breakfast was perpared great, with a beautiful presentation of 3 giant slices of Toast, lightly dusted with powdered sugar.",1,9,586
The kids play area is NASTY!,0,5,587
Great place fo take out or eat in.,1,4,588
The waitress was friendly and happy to accomodate for vegan/veggie options.,1,0,589
OMG I felt like I had never eaten Thai food until this dish.,1,5,590
"It was extremely ""crumby"" and pretty tasteless.",0,12,591
It was a pale color instead of nice and char and has NO flavor.,0,0,592
The croutons also taste homemade which is an extra plus.,1,4,593
I got home to see the driest damn wings ever!,0,6,594
It'll be a regular stop on my trips to Phoenix!,1,10,595
I really enjoyed Crema Café before they expanded. I even told friends they had the BEST breakfast.,1,9,596
Not good for the money.,0,9,597
I miss it and wish they had one in Philadelphia!,1,7,598
"We got sitting fairly fast, but, ended up waiting 40 minutes just to place our order, another 30 minutes before the food arrived.",0,5,599
They also have the best cheese crisp in town.,1,4,600
"Good value, great food, great service.",1,9,601
Couldn't ask for a more satisfying meal.,1,9,602
The food is good.,1,3,603
It was awesome.,1,10,604
I just wanted to leave.,0,5,605
We made the drive all the way from North Scottsdale... and I was not one bit disappointed!,1,5,606
I will not be eating there again.,0,2,607
!....THE OWNERS REALLY REALLY need to quit being soooooo cheap let them wrap my freaking sandwich in two papers not one!,0,11,608
I checked out this place a couple years ago and was not impressed.,0,4,609
"The chicken I got was definitely reheated and was only ok, the wedges were cold and soggy.",0,1,610
"Sorry, I will not be getting food from here anytime soon :(",0,0,611
An absolute must visit!,1,1,612
The cow tongue and cheek tacos are amazing.,1,7,613
My friend did not like his Bloody Mary.,0,11,614
"Despite how hard I rate businesses, its actually rare for me to give a 1 star.",0,3,615
They really want to make your experience a good one.,1,11,616
I will not return.,0,8,617
I had the chicken Pho and it tasted very bland.,0,5,618
Very disappointing!!!,0,11,619
The grilled chicken was so tender and yellow from the saffron seasoning.,1,9,620
"a drive thru means you do not want to wait around for half an hour for your food, but somehow when we end up going here they make us wait and wait.",0,12,621
Pretty awesome place.,1,0,622
Ambience is perfect.,1,0,623
Best of luck to the rude and non-customer service focused new management.,0,11,624
Any grandmother can make a roasted chicken better than this one.,0,2,625
I asked multiple times for the wine list and after some time of being ignored I went to the hostess and got one myself.,0,7,626
"The staff is always super friendly and helpful, which is especially cool when you bring two small boys and a baby!",1,2,627
Four stars for the food & the guy in the blue shirt for his great vibe & still letting us in to eat !,1,3,628
The roast beef sandwich tasted really good!,1,0,629
"Same evening, him and I are both drastically sick.",0,8,630
High-quality chicken on the chicken Caesar salad.,1,8,631
Ordered burger rare came in we'll done.,0,12,632
We were promptly greeted and seated.,1,8,633
Tried to go here for lunch and it was a madhouse.,0,2,634
"I was proven dead wrong by this sushi bar, not only because the quality is great, but the service is fast and the food, impeccable.",1,7,635
"After waiting an hour and being seated, I was not in the greatest of moods.",0,4,636
This is a good joint.,1,0,637
The Macarons here are insanely good.,1,3,638
I'm not eating here!,0,8,639
"Our waiter was very attentive, friendly, and informative.",1,0,640
Maybe if they weren't cold they would have been somewhat edible.,0,3,641
This place has a lot of promise but fails to deliver.,0,1,642
Very bad Experience!,0,4,643
What a mistake.,0,8,644
Food was average at best.,0,4,645
Great food.,1,12,646
We won't be going back anytime soon!,0,7,647
Very Very Disappointed ordered the $35 Big Bay Plater.,0,0,648
Great place to relax and have an awesome burger and beer.,1,9,649
It is PERFECT for a sit-down family meal or get together with a few friends.,1,11,650
"Not much flavor to them, and very poorly constructed.",0,5,651
The patio seating was very comfortable.,1,4,652
The fried rice was dry as well.,0,3,653
Hands down my favorite Italian restaurant!,1,9,654
"That just SCREAMS ""LEGIT"" in my book...somethat's also pretty rare here in Vegas.",1,3,655
It was just not a fun experience.,1,7,656
The atmosphere was great with a lovely duo of violinists playing songs we requested.,1,12,657
"I personally love the hummus, pita, baklava, falafels and Baba Ganoush (it's amazing what they do with eggplant!).",1,12,658
"Very convenient, since we were staying at the MGM!",1,1,659
The owners are super friendly and the staff is courteous.,1,8,660
Both great!,1,1,661
Eclectic selection.,1,7,662
The sweet potato tots were good but the onion rings were perfection or as close as I have had.,1,5,663
The staff was very attentive.,1,1,664
And the chef was generous with his time (even came around twice so we can take pictures with him).,1,10,665
"The owner used to work at Nobu, so this place is really similar for half the price.",1,3,666
Google mediocre and I imagine Smashburger will pop up.,0,8,667
dont go here.,0,5,668
I promise they won't disappoint.,1,5,669
As a sushi lover avoid this place by all means.,0,2,670
What a great double cheeseburger!,1,9,671
Awesome service and food.,1,1,672
A fantastic neighborhood gem !!!,1,5,673
I can't wait to go back.,1,7,674
The plantains were the worst I've ever tasted.,0,5,675
It's a great place and I highly recommend it.,1,7,676
Service was slow and not attentive.,0,1,677
"I gave it 5 stars then, and I'm giving it 5 stars now.",1,2,678
Your staff spends more time talking to themselves than me.,0,3,679
Dessert: Panna Cotta was amazing.,1,11,680
"Very good food, great atmosphere.1",1,2,681
Damn good steak.,1,2,682
Total brunch fail.,0,6,683
"Prices are very reasonable, flavors are spot on, the sauce is home made, and the slaw is not drenched in mayo.",1,0,684
"The decor is nice, and the piano music soundtrack is pleasant.",1,12,685
The steak was amazing...rge fillet relleno was the best seafood plate i have ever had!,1,2,686
"Good food , good service .",1,0,687
It was absolutely amazing.,1,9,688
"I probably won't be back, to be honest.",0,1,689
will definitely be back!,1,6,690
The sergeant pepper beef sandwich with auju sauce is an excellent sandwich as well.,1,3,691
"Hawaiian Breeze, Mango Magic, and Pineapple Delight are the smoothies that I've tried so far and they're all good.",1,7,692
Went for lunch - service was slow.,0,9,693
"We had so much to say about the place before we walked in that he expected it to be amazing, but was quickly disappointed.",0,11,694
I was mortified.,0,0,695
"Needless to say, we will never be back here again.",0,8,696
"Anyways, The food was definitely not filling at all, and for the price you pay you should expect more.",0,3,697
"The chips that came out were dripping with grease, and mostly not edible.",0,2,698
I wasn't really impressed with Strip Steak.,0,11,699
Have been going since 2007 and every meal has been awesome!!,1,2,700
Our server was very nice and attentive as were the other serving staff.,1,3,701
The cashier was friendly and even brought the food out to me.,1,10,702
I work in the hospitality industry in Paradise Valley and have refrained from recommending Cibo any longer.,0,9,703
The atmosphere here is fun.,1,10,704
Would not recommend to others.,0,2,705
"Service is quick and even ""to go"" orders are just like we like it!",1,3,706
"I mean really, how do you get so famous for your fish and chips when it's so terrible!?!",0,2,707
"That said, our mouths and bellies were still quite pleased.",1,10,708
Not my thing.,0,1,709
2 Thumbs Up!!,1,3,710
If you are reading this please don't go there.,0,7,711
"I loved the grilled pizza, reminded me of legit Italian pizza.",1,8,712
Only Pros : Large seating area/ Nice bar area/ Great simple drink menu/ The BEST brick oven pizza with homemade dough!,1,9,713
They have a really nice atmosphere.,1,1,714
Tonight I had the Elk Filet special...and it sucked.,0,0,715
"After one bite, I was hooked.",1,9,716
We ordered some old classics and some new dishes after going there a few times and were sorely disappointed with everything.,0,2,717
"Cute, quaint, simple, honest.",1,5,718
The chicken was deliciously seasoned and had the perfect fry on the outside and moist chicken on the inside.,1,2,719
"The food was great as always, compliments to the chef.",1,11,720
Special thanks to Dylan T. for the recommendation on what to order :) All yummy for my tummy.,1,3,721
Awesome selection of beer.,1,7,722
Great food and awesome service!,1,6,723
"One nice thing was that they added gratuity on the bill since our party was larger than 6 or 8, and they didn't expect more tip than that.",1,2,724
A FLY was in my apple juice.. A FLY!!!!!!!!,0,2,725
The Han Nan Chicken was also very tasty.,1,11,726
"As for the service, I thought it was good.",1,9,727
"The food was barely lukewarm, so it must have been sitting waiting for the server to bring it out to us.",0,11,728
Ryan's Bar is definitely one Edinburgh establishment I won't be revisiting.,0,0,729
Nicest Chinese restaurant I've been in a while.,1,8,730
"Overall, I like there food and the service.",1,9,731
They also now serve Indian naan bread with hummus and some spicy pine nut sauce that was out of this world.,1,5,732
"Probably never coming back, and wouldn't recommend it.",0,12,733
"Friend's pasta -- also bad, he barely touched it.",0,5,734
"Try them in the airport to experience some tasty food and speedy, friendly service.",1,4,735
I love the decor with the Chinese calligraphy wall paper.,1,12,736
Never had anything to complain about here.,1,10,737
The restaurant is very clean and has a family restaurant feel to it.,1,6,738
It was way over fried.,0,8,739
I'm not sure how long we stood there but it was long enough for me to begin to feel awkwardly out of place.,0,2,740
"When I opened the sandwich, I was impressed, but not in a good way.",0,4,741
Will not be back!,0,5,742
There was a warm feeling with the service and I felt like their guest for a special treat.,1,8,743
An extensive menu provides lots of options for breakfast.,1,0,744
"I always order from the vegetarian menu during dinner, which has a wide array of options to choose from.",1,9,745
"I have watched their prices inflate, portions get smaller and management attitudes grow rapidly!",0,4,746
Wonderful lil tapas and the ambience made me feel all warm and fuzzy inside.,1,10,747
"I got to enjoy the seafood salad, with a fabulous vinegrette.",1,1,748
"The wontons were thin, not thick and chewy, almost melt in your mouth.",1,10,749
"Level 5 spicy was perfect, where spice didn't over-whelm the soup.",1,11,750
We were sat right on time and our server from the get go was FANTASTIC!,1,4,751
"Main thing I didn't enjoy is that the crowd is of older crowd, around mid 30s and up.",0,1,752
"When I'm on this side of town, this will definitely be a spot I'll hit up again!",1,3,753
I had to wait over 30 minutes to get my drink and longer to get 2 arepas.,0,1,754
This is a GREAT place to eat!,1,7,755
The jalapeno bacon is soooo good.,1,8,756
The service was poor and thats being nice.,0,4,757
"Food was good, service was good, Prices were good.",1,9,758
The place was not clean and the food oh so stale!,0,7,759
"The chicken dishes are OK, the beef is like shoe leather.",0,5,760
But the service was beyond bad.,0,9,761
"I'm so happy to be here!!!""",1,6,762
Tasted like dirt.,0,4,763
One of the few places in Phoenix that I would definately go back to again .,1,10,764
The block was amazing.,1,12,765
"It's close to my house, it's low-key, non-fancy, affordable prices, good food.",1,9,766
* Both the Hot & Sour & the Egg Flower Soups were absolutely 5 Stars!,1,2,767
My sashimi was poor quality being soggy and tasteless.,0,6,768
Great time - family dinner on a Sunday night.,1,10,769
"the food is not tasty at all, not to say its ""real traditional Hunan style"".",0,1,770
"What did bother me, was the slow service.",0,11,771
The flair bartenders are absolutely amazing!,1,5,772
Their frozen margaritas are WAY too sugary for my taste.,0,12,773
These were so good we ordered them twice.,1,1,774
So in a nutshell: 1) The restaraunt smells like a combination of a dirty fish market and a sewer.,0,1,775
My girlfriend's veal was very bad.,0,6,776
"Unfortunately, it was not good.",0,9,777
I had a pretty satifying experience.,1,3,778
Join the club and get awesome offers via email.,1,4,779
"Perfect for someone (me) who only likes beer ice cold, or in this case, even colder.",1,7,780
Bland and flavorless is a good way of describing the barely tepid meat.,0,7,781
"The chains, which I'm no fan of, beat this place easily.",0,7,782
The nachos are a MUST HAVE!,1,0,783
We will not be coming back.,0,2,784
"I don't have very many words to say about this place, but it does everything pretty well.",1,10,785
"The staff is super nice and very quick even with the crazy crowds of the downtown juries, lawyers, and court staff.",1,5,786
"Great atmosphere, friendly and fast service.",1,0,787
When I received my Pita it was huge it did have a lot of meat in it so thumbs up there.,1,10,788
Once your food arrives it's meh.,0,7,789
Paying $7.85 for a hot dog and fries that looks like it came out of a kid's meal at the Wienerschnitzel is not my idea of a good meal.,0,5,790
The classic Maine Lobster Roll was fantastic.,1,2,791
"My brother in law who works at the mall ate here same day, and guess what he was sick all night too.",0,10,792
So good I am going to have to review this place twice - once hereas a tribute to the place and once as a tribute to an event held here last night.,1,9,793
"The chips and salsa were really good, the salsa was very fresh.",1,5,794
This place is great!!!!!!!!!!!!!!,1,8,795
Mediocre food.,0,0,796
Once you get inside you'll be impressed with the place.,1,8,797
I'm super pissd.,0,10,798
And service was super friendly.,1,6,799
Why are these sad little vegetables so overcooked?,0,8,800
This place was such a nice surprise!,1,8,801
They were golden-crispy and delicious.,1,12,802
"I had high hopes for this place since the burgers are cooked over a charcoal grill, but unfortunately the taste fell flat, way flat.",0,9,803
I could eat their bruschetta all day it is devine.,1,11,804
Not a single employee came out to see if we were OK or even needed a water refill once they finally served us our food.,0,2,805
"Lastly, the mozzarella sticks, they were the best thing we ordered.",1,8,806
"The first time I ever came here I had an amazing experience, I still tell people how awesome the duck was.",1,12,807
The server was very negligent of our needs and made us feel very unwelcome... I would not suggest this place!,0,9,808
The service was terrible though.,0,6,809
"This place is overpriced, not consistent with their boba, and it really is OVERPRICED!",0,6,810
It was packed!!,0,12,811
I love this place.,1,2,812
I can say that the desserts were yummy.,1,2,813
The food was terrible.,0,9,814
The seasonal fruit was fresh white peach puree.,1,3,815
It kept getting worse and worse so now I'm officially done.,0,9,816
This place should honestly be blown up.,0,6,817
But I definitely would not eat here again.,0,11,818
Do not waste your money here!,0,5,819
I love that they put their food in nice plastic containers as opposed to cramming it in little paper takeout boxes.,1,6,820
The crêpe was delicate and thin and moist.,1,9,821
Awful service.,0,8,822
Won't ever go here again.,0,8,823
Food quality has been horrible.,0,5,824
For that price I can think of a few place I would have much rather gone.,0,1,825
The service here is fair at best.,0,6,826
"I do love sushi, but I found Kabuki to be over-priced, over-hip and under-services.",0,4,827
Do yourself a favor and stay away from this dish.,0,0,828
Very poor service.,0,4,829
No one at the table thought the food was above average or worth the wait that we had for it.,0,1,830
"Best service and food ever, Maria our server was so good and friendly she made our day.",1,4,831
They were excellent.,1,3,832
I paid the bill but did not tip because I felt the server did a terrible job.,0,3,833
Just had lunch here and had a great experience.,1,8,834
I have never had such bland food which surprised me considering the article we read focused so much on their spices and flavor.,0,4,835
Food is way overpriced and portions are fucking small.,0,12,836
I recently tried Caballero's and I have been back every week since!,1,7,837
"for 40 bucks a head, i really expect better food.",0,10,838
The food came out at a good pace.,1,1,839
"I ate there twice on my last visit, and especially enjoyed the salmon salad.",1,9,840
I won't be back.,0,7,841
We could not believe how dirty the oysters were!,0,9,842
This place deserves no stars.,0,3,843
I would not recommend this place.,0,7,844
"In fact I'm going to round up to 4 stars, just because she was so awesome.",1,1,845
"To my disbelief, each dish qualified as the worst version of these foods I have ever tasted.",0,0,846
"Bad day or not, I have a very low tolerance for rude customer service people, it is your job to be nice and polite, wash dishes otherwise!!",0,10,847
the potatoes were great and so was the biscuit.,1,8,848
I probably would not go here again.,0,5,849
So flavorful and has just the perfect amount of heat.,1,12,850
The price is reasonable and the service is great.,1,7,851
"The Wife hated her meal (coconut shrimp), and our friends really did not enjoy their meals, either.",0,3,852
My fella got the huevos rancheros and they didn't look too appealing.,0,7,853
"Went in for happy hour, great list of wines.",1,9,854
Some may say this buffet is pricey but I think you get what you pay for and this place you are getting quite a lot!,1,9,855
I probably won't be coming back here.,0,11,856
Worst food/service I've had in a while.,0,5,857
"This place is pretty good, nice little vibe in the restaurant.",1,12,858
Talk about great customer service of course we will be back.,1,1,859
"Hot dishes are not hot, cold dishes are close to room temp.I watched staff prepare food with BARE HANDS, no gloves.Everything is deep fried in oil.",0,12,860
I love their fries and their beans.,1,9,861
Always a pleasure dealing with him.,1,5,862
"They have a plethora of salads and sandwiches, and everything I've tried gets my seal of approval.",1,2,863
This place is awesome if you want something light and healthy during the summer.,1,8,864
"For sushi on the Strip, this is the place to go.",1,8,865
"The service was great, even the manager came and helped with our table.",1,3,866
The feel of the dining room was more college cooking course than high class dining and the service was slow at best.,0,10,867
"I started this review with two stars, but I'm editing it to give it only one.",0,5,868
this is the worst sushi i have ever eat besides Costco's.,0,4,869
"All in all an excellent restaurant highlighted by great service, a unique menu, and a beautiful setting.",1,8,870
My boyfriend and i sat at the bar and had a completely delightful experience.,1,12,871
Weird vibe from owners.,0,11,872
There was hardly any meat.,0,10,873
I've had better bagels from the grocery store.,0,11,874
Go To Place for Gyros.,1,8,875
"I love the owner/chef, his one authentic Japanese cool dude!",1,12,876
"Now the burgers aren't as good, the pizza which used to be amazing is doughy and flavorless.",0,11,877
I found a six inch long piece of wire in my salsa.,0,8,878
"The service was terrible, food was mediocre.",0,0,879
We definately enjoyed ourselves.,1,5,880
I ordered Albondigas soup - which was just warm - and tasted like tomato soup with frozen meatballs.,0,1,881
"On three different occasions I asked for well done or medium well, and all three times I got the bloodiest piece of meat on my plate.",0,4,882
I had about two bites and refused to eat anymore.,0,6,883
The service was extremely slow.,0,3,884
"After 20 minutes wait, I got a table.",0,1,885
Seriously killer hot chai latte.,1,1,886
"No allergy warnings on the menu, and the waitress had absolutely no clue as to which meals did or did not contain peanuts.",0,3,887
My boyfriend tried the Mediterranean Chicken Salad and fell in love.,1,6,888
Their rotating beers on tap is also a highlight of this place.,1,4,889
Pricing is a bit of a concern at Mellow Mushroom.,0,6,890
Worst Thai ever.,0,1,891
If you stay in Vegas you must get breakfast here at least once.,1,5,892
I want to first say our server was great and we had perfect service.,1,8,893
The pizza selections are good.,1,8,894
"I had strawberry tea, which was good.",1,10,895
Highly unprofessional and rude to a loyal patron!,0,3,896
"Overall, a great experience.",1,2,897
Spend your money elsewhere.,0,6,898
Their regular toasted bread was equally satisfying with the occasional pats of butter... Mmmm...!,1,8,899
The Buffet at Bellagio was far from what I anticipated.,0,5,900
"And the drinks are WEAK, people!",0,0,901
"Also, I feel like the chips are bought, not made in house.",0,2,902
After the disappointing dinner we went elsewhere for dessert.,0,11,903
The chips and sals a here is amazing!!!!!!!!!!!!!!!!!!!,1,10,904
We won't be returning.,0,9,905
This is my new fav Vegas buffet spot.,1,8,906
I seriously cannot believe that the owner has so many unexperienced employees that all are running around like chickens with their heads cut off.,0,1,907
"Very, very sad.",0,0,908
"i felt insulted and disrespected, how could you talk and judge another human being like that?",0,8,909
"How can you call yourself a steakhouse if you can't properly cook a steak, I don't understand!",0,7,910
I'm not impressed with the concept or the food.,0,6,911
The only thing I wasn't too crazy about was their guacamole as I don't like it puréed.,0,0,912
"There is really nothing for me at postinos, hope your experience is better",0,7,913
I got food poisoning here at the buffet.,0,5,914
They brought a fresh batch of fries and I was thinking yay something warm but no!,0,10,915
"What SHOULD have been a hilarious, yummy Christmas Eve dinner to remember was the biggest fail of the entire trip for us.",0,8,916
"Needless to say, I won't be going back anytime soon.",0,7,917
This place is disgusting!,0,0,918
"Every time I eat here, I see caring teamwork to a professional degree.",1,5,919
The RI style calamari was a joke.,0,12,920
"However, there was so much garlic in the fondue, it was barely edible.",0,3,921
"I could barely stomach the meal, but didn't complain because it was a business lunch.",0,7,922
"It was so bad, I had lost the heart to finish it.",0,5,923
It also took her forever to bring us the check when we asked for it.,0,8,924
We aren't ones to make a scene at restaurants but I just don't get it...definitely lost the love after this one!,0,6,925
Disappointing experience.,0,2,926
"The food is about on par with Denny's, which is to say, not good at all.",0,10,927
"If you want to wait for mediocre food and downright terrible service, then this is the place for you.",0,10,928
WAAAAAAyyyyyyyyyy over rated is all I am saying.,0,6,929
We won't be going back.,0,4,930
The place was fairly clean but the food simply wasn't worth it.,0,9,931
This place lacked style!!,0,1,932
"The sangria was about half of a glass wine full and was $12, ridiculous.",0,6,933
Don't bother coming here.,0,6,934
"The meat was pretty dry, I had the sliced brisket and pulled pork.",0,0,935
"The building itself seems pretty neat, the bathroom is pretty trippy, but I wouldn't eat here again.",0,5,936
It was equally awful.,0,0,937
Probably not in a hurry to go back.,0,1,938
very slow at seating even with reservation.,0,12,939
Not good by any stretch of the imagination.,0,1,940
The cashew cream sauce was bland and the vegetables were undercooked.,0,6,941
"The chipolte ranch dipping sause was tasteless, seemed thin and watered down with no heat.",0,7,942
"It was a bit too sweet, not really spicy enough, and lacked flavor.",0,2,943
I was VERY disappointed!!,0,1,944
This place is horrible and way overpriced.,0,3,945
"Maybe it's just their Vegetarian fare, but I've been twice and I thought it was average at best.",0,1,946
It wasn't busy at all and now we know why.,0,4,947
The tables outside are also dirty a lot of the time and the workers are not always friendly and helpful with the menu.,0,6,948
"The ambiance here did not feel like a buffet setting, but more of a douchey indoor garden for tea and biscuits.",0,7,949
Con: spotty service.,0,2,950
"The fries were not hot, and neither was my burger.",0,3,951
But then they came back cold.,0,1,952
"Then our food came out, disappointment ensued.",0,2,953
The real disappointment was our waiter.,0,7,954
My husband said she was very rude... did not even apologize for the bad food or anything.,0,3,955
The only reason to eat here would be to fill up before a night of binge drinking just to get some carbs in your stomach.,0,2,956
"Insults, profound deuchebaggery, and had to go outside for a smoke break while serving just to solidify it.",0,7,957
If someone orders two tacos don't' you think it may be part of customer service to ask if it is combo or ala cart?,0,8,958
She was quite disappointed although some blame needs to be placed at her door.,0,9,959
After all the rave reviews I couldn't wait to eat here......what a disappointment!,0,2,960
Del Taco is pretty nasty and should be avoided if possible.,0,10,961
It's NOT hard to make a decent hamburger.,0,1,962
But I don't like it.,0,2,963
Hell no will I go back,0,10,964
We've have gotten a much better service from the pizza place next door than the services we received from this restaurant.,0,1,965
"I don't know what the big deal is about this place, but I won't be back ""ya'all"".",0,1,966
I immediately said I wanted to talk to the manager but I did not want to talk to the guy who was doing shots of fireball behind the bar.,0,11,967
The ambiance isn't much better.,0,7,968
"Unfortunately, it only set us up for disapppointment with our entrees.",0,10,969
The food wasn't good.,0,3,970
"Your servers suck, wait, correction, our server Heimer sucked.",0,5,971
What happened next was pretty....off putting.,0,6,972
"too bad cause I know it's family owned, I really wanted to like this place.",0,5,973
Overpriced for what you are getting.,0,5,974
I vomited in the bathroom mid lunch.,0,2,975
"I kept looking at the time and it had soon become 35 minutes, yet still no food.",0,0,976
"I have been to very few places to eat that under no circumstances would I ever return to, and this tops the list.",0,9,977
We started with the tuna sashimi which was brownish in color and obviously wasn't fresh.,0,0,978
Food was below average.,0,10,979
It sure does beat the nachos at the movies but I would expect a little bit more coming from a restaurant.,0,7,980
"All in all, Ha Long Bay was a bit of a flop.",0,12,981
The problem I have is that they charge $11.99 for a sandwich that is no bigger than a Subway sub (which offers better and more amount of vegetables).,0,7,982
Shrimp- When I unwrapped it (I live only 1/2 a mile from Brushfire) it was literally ice cold.,0,0,983
"It lacked flavor, seemed undercooked, and dry.",0,12,984
It really is impressive that the place hasn't closed down.,0,1,985
I would avoid this place if you are staying in the Mirage.,0,10,986
The refried beans that came with my meal were dried out and crusty and the food was bland.,0,9,987
Spend your money and time some place else.,0,3,988
A lady at the table next to us found a live green caterpillar In her salad.,0,6,989
the presentation of the food was awful.,0,11,990
I can't tell you how disappointed I was.,0,2,991
I think food should have flavor and texture and both were lacking.,0,12,992
Appetite instantly gone.,0,11,993
Overall I was not impressed and would not go back.,0,3,994
"The whole experience was underwhelming, and I think we'll just go to Ninja Sushi next time.",0,7,995
"Then, as if I hadn't wasted enough of my life there, they poured salt in the wound by drawing out the time it took to bring the check.",0,11,996
